Workbook

Sheet Foglio1
A1: Store_ID | B1: Store_Name | C1: Area/Paese | D1: Formato | E1: Posizione_Geografica | F1: Mq_Espositivi | G1: Mq_Stock | H1: Mq_Totali
A2: T76__ | B2: VIENNA | C2: AUSTRIA | D2: Turistico | E2: AUSTRIA | F2: 300 | G2: 70 | H2: 370
A3: T108_ | B3: GAND | C3: BELGIO | D3: Turistico | E3: BELGIO | F3: 241 | G3: 106 | H3: 347
A4: T129_ | B4: BRUGES | C4: BELGIO | D4: Turistico | E4: BELGIO | F4: 167 | G4: 33 | H4: 199
A5: T44__ | B5: BRUXELLES | C5: BELGIO | D5: Ibrido | E5: BELGIO | F5: 250 | G5: 106 | H5: 356
A6: T46__ | B6: ANTWERPEN | C6: BELGIO | D6: Ibrido | E6: BELGIO | F6: 120 | G6: 50 | H6: 170
A7: AGN01 | B7: SHANGAI | C7: CINA | D7: Turistico | E7: CINA | F7: 272 | G7: 21 | H7: 292
A8: AGN02 | B8: ONLINE | C8: CINA | D8: Ibrido | E8: CINA | H8: 0
A9: AGN03 | B9: CHENGDU | C9: CINA | D9: - | E9: CINA | F9: - | G9: - | H9: 0
A10: AGN05 | B10: CHENGDU | C10: CINA | D10: - | E10: CINA | F10: 93 | G10: 7 | H10: 100
A11: AGN06 | B11: RED | C11: CINA | D11: Ibrido | E11: CINA | H11: 0
A12: AGN07 | B12: GUANGZHOU | C12: CINA | D12: Di quartiere | E12: CINA | F12: 227 | G12: 60 | H12: 287
A13: AGN08 | B13: SHENZEN | C13: CINA | D13: - | E13: CINA | F13: 116 | G13: 4 | H13: 120
A14: AGNOU | B14: OUTLET | C14: CINA | D14: - | E14: CINA | H14: 0
A15: KR01_ | B15: SEOUL | C15: COREA | D15: Ibrido | E15: COREA | F15: 213 | G15: 10 | H15: 223
A16: KREC_ | B16: ONLINE | C16: COREA | D16: - | E16: COREA | F16: - | G16: - | H16: 0
A17: KR02_ | B17: SEOUL | C17: COREA | D17: - | E17: COREA | H17: 0
A18: T100_ | B18: NIZZA | C18: FRANCIA | D18: Turistico | E18: FRANCIA | F18: 190 | G18: 50 | H18: 240
A19: T107_ | B19: AIX EN PROVENCE | C19: FRANCIA | D19: Ibrido | E19: FRANCIA | F19: 75 | G19: 10 | H19: 85
A20: T111_ | B20: STRASBURGO | C20: FRANCIA | D20: Ibrido | E20: FRANCIA | F20: 151 | G20: 60 | H20: 211
A21: T112_ | B21: MARSIGLIA | C21: FRANCIA | D21: Ibrido | E21: FRANCIA | F21: 153 | G21: 29 | H21: 182
A22: T115_ | B22: TOLOSA | C22: FRANCIA | D22: Di quartiere | E22: FRANCIA | F22: 97 | G22: 80 | H22: 177
A23: T54__ | B23: PARIS | C23: FRANCIA | D23: Di quartiere | E23: FRANCIA | F23: 160 | G23: 30 | H23: 190
A24: T70LI | B24: LYON | C24: FRANCIA | D24: Di quartiere | E24: FRANCIA | F24: 120 | G24: 100 | H24: 220
A25: T75__ | B25: PARIS | C25: FRANCIA | D25: Di quartiere | E25: FRANCIA | F25: 110 | G25: 40 | H25: 150
A26: T81__ | B26: PARIS | C26: FRANCIA | D26: Ibrido | E26: FRANCIA | F26: 90 | G26: 15 | H26: 105
A27: T90__ | B27: PARIS | C27: FRANCIA | D27: Turistico | E27: FRANCIA | F27: 160 | G27: 50 | H27: 210
A28: T95__ | B28: LILLE | C28: FRANCIA | D28: Di quartiere | E28: FRANCIA | F28: 130 | G28: 25 | H28: 155
A29: T99__ | B29: BORDEAUX | C29: FRANCIA | D29: Di quartiere | E29: FRANCIA | F29: 190 | G29: 70 | H29: 260
A30: T133_ | B30: NANTES | C30: FRANCIA | D30: - | E30: FRANCIA | F30: - | G30: - | H30: 0
A31: T103_ | B31: STUTTGART | C31: GERMANIA | D31: Ibrido | E31: GERMANIA | F31: 323 | G31: 64 | H31: 387
A32: T117_ | B32: FRANKFURT | C32: GERMANIA | D32: Turistico | E32: GERMANIA | F32: 160 | G32: 80 | H32: 240
A33: T120_ | B33: COLONIA | C33: GERMANIA | D33: Ibrido | E33: GERMANIA | F33: 120 | G33: 100 | H33: 220
A34: T43__ | B34: BERLIN | C34: GERMANIA | D34: Di quartiere | E34: GERMANIA | F34: 275 | G34: 80 | H34: 355
A35: T52__ | B35: MUNCHEN | C35: GERMANIA | D35: Turistico | E35: GERMANIA | F35: 190 | G35: 65 | H35: 255
A36: T58DU | B36: DUSSELDORF | C36: GERMANIA | D36: Ibrido | E36: GERMANIA | F36: 182 | G36: 86 | H36: 268
A37: T64NU | B37: NURNBERG | C37: GERMANIA | D37: Ibrido | E37: GERMANIA | F37: 100 | G37: 25 | H37: 125
A38: T68HA | B38: HAMBURG | C38: GERMANIA | D38: Ibrido | E38: GERMANIA | F38: 255 | G38: 190 | H38: 445
A39: T83__ | B39: BERLIN | C39: GERMANIA | D39: Turistico | E39: GERMANIA | F39: 185 | G39: 60 | H39: 245
A40: T131_ | B40: BERLIN | C40: GERMANIA | D40: Turistico | E40: GERMANIA | F40: 158 | G40: 64 | H40: 222
A41: HK01_ | B41: HONG KONG | C41: HONG KONG | D41: Turistico | E41: HONG KONG | F41: 360 | G41: 40 | H41: 400
A42: HKEC_ | B42: ONLINE | C42: HONG KONG | D42: - | E42: HONG KONG | F42: - | G42: - | H42: 0
A43: T105_ | B43: LONDON | C43: UK | D43: Di quartiere | E43: UK | F43: 125 | G43: 35 | H43: 160
A44: T128_ | B44: LONDON | C44: UK | D44: Di quartiere | E44: UK | F44: 200 | G44: 50 | H44: 250
A45: T130_ | B45: BIRMINGHAM | C45: UK | D45: Di quartiere | E45: UK | F45: 90 | G45: 50 | H45: 140
A46: T73__ | B46: LONDON | C46: UK | D46: Turistico | E46: UK | F46: 114 | G46: 28 | H46: 142
A47: T78__ | B47: LONDON | C47: UK | D47: Di quartiere | E47: UK | F47: 85 | G47: 25 | H47: 110
A48: T79__ | B48: LONDON | C48: UK | D48: Ibrido | E48: UK | F48: 239 | G48: 29 | H48: 268
A49: T116_ | B49: DUBLINO | C49: IRLANDA | D49: Turistico | E49: IRLANDA | F49: 201 | G49: 90 | H49: 291
A50: T17__ | B50: ROMA | C50: CENTRO ROMA | D50: Di quartiere | E50: ITALIA | F50: 196 | G50: 154 | H50: 350
A51: T21__ | B51: ROMA | C51: CENTRO ROMA | D51: Ibrido | E51: ITALIA | F51: 120 | G51: 20 | H51: 140
A52: T55RM | B52: ROMA | C52: CENTRO ROMA | D52: Turistico | E52: ITALIA | F52: 120 | G52: 60 | H52: 180
A53: T66RM | B53: ROMA | C53: CENTRO ROMA | D53: Turistico | E53: ITALIA | F53: 120 | G53: 70 | H53: 190
A54: T84__ | B54: ROMA | C54: CENTRO ROMA | D54: Turistico | E54: ITALIA | F54: 225 | G54: 120 | H54: 345
... A93: T127_ | B93: LUSSEMBURGO | C93: LUSSEMBURGO | D93: Di quartiere | E93: LUSSEMBURGO | F93: 150 | G93: 25 | H93: 175
A94: OSIT2 | B94: ONLINE | C94: MONDO | D94: Ibrido | E94: MONDO | H94: 0
A95: T109_ | B95: OSLO | C95: NORWAY | D95: Ibrido | E95: NORWAY | F95: 239 | G95: 19 | H95: 258
A96: T101_ | B96: AMSTERDAM | C96: OLANDA | D96: Turistico | E96: OLANDA | F96: 120 | G96: 80 | H96: 200
A97: T114_ | B97: ROTTERDAM | C97: OLANDA | D97: Di quartiere | E97: OLANDA | F97: 210 | G97: 115 | H97: 325
A98: T49__ | B98: AMSTERDAM | C98: OLANDA | D98: Ibrido | E98: OLANDA | F98: 104 | G98: 80 | H98: 184
A99: T72UT | B99: UTRECHT | C99: OLANDA | D99: Di quartiere | E99: OLANDA | F99: 90 | H99: 90
A100: T96__ | B100: DEN HAAG | C100: OLANDA | D100: Di quartiere | E100: OLANDA | F100: 97 | G100: 60 | H100: 157
A101: BASE2 | B101: BARCELONA | C101: SPAGNA | D101: Ibrido | E101: SPAGNA | F101: 102 | G101: 10 | H101: 113
A102: T102_ | B102: ZARAGOZA | C102: SPAGNA | D102: Di quartiere | E102: SPAGNA | F102: 114 | G102: 15 | H102: 130
A103: T106_ | B103: MADRID | C103: SPAGNA | D103: Di quartiere | E103: SPAGNA | F103: 94 | G103: 14 | H103: 108
A104: T48__ | B104: BARCELONA | C104: SPAGNA | D104: Ibrido | E104: SPAGNA | F104: 191 | G104: 95 | H104: 286
A105: T57IB | B105: IBIZA | C105: SPAGNA | D105: Turistico | E105: SPAGNA | F105: 57 | G105: 6 | H105: 63
A106: T61MD | B106: MADRID | C106: SPAGNA | D106: Turistico | E106: SPAGNA | F106: 99 | G106: 15 | H106: 114
A107: T62BB | B107: BILBAO | C107: SPAGNA | D107: Turistico | E107: SPAGNA | F107: 150 | G107: 34 | H107: 184
A108: T67B2 | B108: BARCELONA | C108: SPAGNA | D108: Di quartiere | E108: SPAGNA | F108: 86 | G108: 8 | H108: 94
A109: T69VA | B109: VALENCIA | C109: SPAGNA | D109: Ibrido | E109: SPAGNA | F109: 168 | G109: 40 | H109: 208
A110: T71LC | B110: CORUNA | C110: SPAGNA | D110: DA VALUTARE | E110: SPAGNA | F110: 99 | G110: 21 | H110: 120
A111: T77__ | B111: SIVIGLIA | C111: SPAGNA | D111: Ibrido | E111: SPAGNA | F111: 120 | G111: 90 | H111: 210
... A118: USA02 | B118: NEW YORK | C118: USA | D118: Ibrido | E118: USA | F118: 180 | G118: 110 | H118: 290
A119: USAEC | B119: ONLINE | C119: USA | D119: - | E119: USA | F119: - | G119: - | H119: 0
A120: T110_ | B120: STOCCOLMA | C120: SVEZIA | D120: Ibrido | E120: SVEZIA | F120: 400 | G120: 77 | H120: 477
A121: T122_ | B121: GOTEBORG | C121: SVEZIA | D121: Ibrido | E121: SVEZIA | F121: 120 | G121: 10 | H121: 130
A122: T119_ | B122: LAUSANNE | C122: SVIZZERA | D122: Di quartiere | E122: SVIZZERA | F122: 183 | G122: 104 | H122: 287
A123: T126_ | B123: BASILEA | C123: SVIZZERA | D123: Ibrido | E123: SVIZZERA | F123: 110 | G123: 70 | H123: 180
A124: T65ZU | B124: ZURICH | C124: SVIZZERA | D124: Ibrido | E124: SVIZZERA | F124: 170 | G124: 40 | H124: 210
A125: T91__ | B125: LUGANO | C125: SVIZZERA | D125: Ibrido | E125: SVIZZERA | F125: 140 | G125: 93 | H125: 233
A126: TIM01 | B126: DUBAI | C126: EMIRATI ARABI | D126: Ibrido | E126: CLIENTE | F126: 85 | G126: 15 | H126: =SUM(F126:G126) -> 100
A127: TIM02 | B127: DUBAI | C127: EMIRATI ARABI | D127: Di quartiere | E127: CLIENTE | F127: 144 | G127: 36 | H127: =SUM(F127:G127) -> 180
A128: SIG01 | B128: SINGAPORE | C128: SINGAPORE | D128: Ibrido | E128: CLIENTE | F128: 100 | G128: 24 | H128: =SUM(F128:G128) -> 124
A129: THGIL | B129: BANGKOK | C129: THAILAND | D129: Ibrido | E129: CLIENTE | F129: 82 | G129: 13 | H129: =SUM(F129:G129) -> 95
A130: THGI2 | B130: BANGKOK | C130: THAILAND | D130: Ibrido | E130: CLIENTE | F130: 122 | G130: 21 | H130: =SUM(F130:G130) -> 143
A131: SIG02 | B131: SINGAPORE | C131: SINGAPORE | D131: Ibrido | E131: CLIENTE | F131: 140 | G131: 20 | H131: =SUM(F131:G131) -> 160
A132: THGI3 | B132: BANGKOK | C132: THAILAND | D132: Di quartiere | E132: CLIENTE | F132: 129 | G132: 22 | H132: =SUM(F132:G132) -> 151

Sheet Foglio2
A1: PDV | B1: COUNTRY | C1: CITTà | D1: mq area vendita | E1: mq area magazzino storage | F1: Filtro
A2: T76__ | B2: AUSTRIA | C2: Vienna | D2: 300 | E2: 70 | F2: =IF(COUNTIF(Foglio1!$A$2:$A$125, A2)=0, "Mancante", "Presente") -> Presente
A3: T108_ | B3: BELGIO | C3: Gand | D3: 241 | E3: 106 | F3: =IF(COUNTIF(Foglio1!$A$2:$A$125, A3)=0, "Mancante", "Presente") -> Presente
A4: T129_ | B4: BELGIO | C4: BRUGES | D4: 166.5 | E4: 32.6 | F4: =IF(COUNTIF(Foglio1!$A$2:$A$125, A4)=0, "Mancante", "Presente") -> Presente
A5: T44__ | B5: BELGIO | C5: Bruxelles | D5: 250 | E5: 106 | F5: =IF(COUNTIF(Foglio1!$A$2:$A$125, A5)=0, "Mancante", "Presente") -> Presente
A6: T46__ | B6: BELGIO | C6: Anversa | D6: 120 | E6: 50 | F6: =IF(COUNTIF(Foglio1!$A$2:$A$125, A6)=0, "Mancante", "Presente") -> Presente
A7: AGN02 | B7: CHINA | C7: E-commerce | F7: =IF(COUNTIF(Foglio1!$A$2:$A$125, A7)=0, "Mancante", "Presente") -> Presente
A8: AGN04 (non esiste) | B8: CHINA | C8: PECHINO | F8: =IF(COUNTIF(Foglio1!$A$2:$A$125, A8)=0, "Mancante", "Presente") -> Mancante
A9: AGN05 | B9: CHINA | C9: CHENGDU | D9: 92.5 | E9: 7 | F9: =IF(COUNTIF(Foglio1!$A$2:$A$125, A9)=0, "Mancante", "Presente") -> Presente
A10: AGN06 | B10: CHINA | F10: =IF(COUNTIF(Foglio1!$A$2:$A$125, A10)=0, "Mancante", "Presente") -> Presente
A11: AGN99 | B11: CHINA | C11: SHANGAI | F11: =IF(COUNTIF(Foglio1!$A$2:$A$125, A11)=0, "Mancante", "Presente") -> Mancante
A12: AGN01 | B12: CINA | C12: Shangai | D12: 271.5 | E12: 20.5 | F12: =IF(COUNTIF(Foglio1!$A$2:$A$125, A12)=0, "Mancante", "Presente") -> Presente
A13: AGN03 (chiuso) | B13: CINA | C13: Chengdu | D13: 187 | E13: 204 | F13: =IF(COUNTIF(Foglio1!$A$2:$A$125, A13)=0, "Mancante", "Presente") -> Mancante
A14: AGN07 | B14: CINA | C14: GUANGZHOU | D14: 227 | E14: 60 | F14: =IF(COUNTIF(Foglio1!$A$2:$A$125, A14)=0, "Mancante", "Presente") -> Presente
A15: KR01_ | B15: COREA | C15: SEOUL | D15: 213 | E15: 10 | F15: =IF(COUNTIF(Foglio1!$A$2:$A$125, A15)=0, "Mancante", "Presente") -> Presente
A16: TIM01 | B16: EMIRATI ARABI | C16: DUBAI | D16: 85 | E16: 15 | F16: =IF(COUNTIF(Foglio1!$A$2:$A$125, A16)=0, "Mancante", "Presente") -> Mancante
A17: TIM02 | B17: EMIRATI ARABI | C17: DUBAI | D17: 144 | E17: 36 | F17: =IF(COUNTIF(Foglio1!$A$2:$A$125, A17)=0, "Mancante", "Presente") -> Mancante
A18: T100_ | B18: FRANCIA | C18: Nizza | D18: 190 | E18: 50 | F18: =IF(COUNTIF(Foglio1!$A$2:$A$125, A18)=0, "Mancante", "Presente") -> Presente
A19: T107_ | B19: FRANCIA | C19: Aix en Provence | D19: 75 | E19: 10 | F19: =IF(COUNTIF(Foglio1!$A$2:$A$125, A19)=0, "Mancante", "Presente") -> Presente
A20: T111_ | B20: FRANCIA | C20: Strasburgo | D20: 151 | E20: 60 | F20: =IF(COUNTIF(Foglio1!$A$2:$A$125, A20)=0, "Mancante", "Presente") -> Presente
A21: T112_ | B21: FRANCIA | C21: Marsiglia | D21: 153 | E21: 29 | F21: =IF(COUNTIF(Foglio1!$A$2:$A$125, A21)=0, "Mancante", "Presente") -> Presente
A22: T115_ | B22: FRANCIA | C22: Tolosa | D22: 97 | E22: 80 | F22: =IF(COUNTIF(Foglio1!$A$2:$A$125, A22)=0, "Mancante", "Presente") -> Presente
A23: T54__ | B23: FRANCIA | C23: Paris | D23: 160 | E23: 30 | F23: =IF(COUNTIF(Foglio1!$A$2:$A$125, A23)=0, "Mancante", "Presente") -> Presente
... A95: T49__ | B95: OLANDA | C95: Amsterdam | D95: 104 | E95: 80 | F95: =IF(COUNTIF(Foglio1!$A$2:$A$125, A95)=0, "Mancante", "Presente") -> Presente
A96: T72UT | B96: OLANDA | C96: Utrecht | D96: 90 | F96: =IF(COUNTIF(Foglio1!$A$2:$A$125, A96)=0, "Mancante", "Presente") -> Presente
A97: T96__ | B97: OLANDA | C97: Aia | D97: 97 | E97: 60 | F97: =IF(COUNTIF(Foglio1!$A$2:$A$125, A97)=0, "Mancante", "Presente") -> Presente
A98: SIG01 | B98: SINGAPORE | C98: SINGAPORE | D98: 100 | E98: 24 | F98: =IF(COUNTIF(Foglio1!$A$2:$A$125, A98)=0, "Mancante", "Presente") -> Mancante
A99: T102_ | B99: SPAGNA | C99: Zaragozza | D99: 114.4 | E99: 15.4 | F99: =IF(COUNTIF(Foglio1!$A$2:$A$125, A99)=0, "Mancante", "Presente") -> Presente
A100: T106_ | B100: SPAGNA | C100: Madrid 3 | D100: 93.64 | E100: 14.38 | F100: =IF(COUNTIF(Foglio1!$A$2:$A$125, A100)=0, "Mancante", "Presente") -> Presente
A101: T48__ | B101: SPAGNA | C101: Barcellona | D101: 191 | E101: 95 | F101: =IF(COUNTIF(Foglio1!$A$2:$A$125, A101)=0, "Mancante", "Presente") -> Presente
A102: T57IB | B102: SPAGNA | C102: Ibiza | D102: 57 | E102: 6 | F102: =IF(COUNTIF(Foglio1!$A$2:$A$125, A102)=0, "Mancante", "Presente") -> Presente
A103: T61MD | B103: SPAGNA | C103: Madrid2 | D103: 99 | E103: 15 | F103: =IF(COUNTIF(Foglio1!$A$2:$A$125, A103)=0, "Mancante", "Presente") -> Presente
A104: T62BB | B104: SPAGNA | C104: Bilbao | D104: 150 | E104: 34 | F104: =IF(COUNTIF(Foglio1!$A$2:$A$125, A104)=0, "Mancante", "Presente") -> Presente
A105: T67B2 | B105: SPAGNA | C105: Barcellon | D105: 86 | E105: 8 | F105: =IF(COUNTIF(Foglio1!$A$2:$A$125, A105)=0, "Mancante", "Presente") -> Presente
A106: T69VA | B106: SPAGNA | C106: Valencia | D106: 168 | E106: 40 | F106: =IF(COUNTIF(Foglio1!$A$2:$A$125, A106)=0, "Mancante", "Presente") -> Presente
A107: T71LC | B107: SPAGNA | C107: La Coruna | D107: 99 | E107: 21 | F107: =IF(COUNTIF(Foglio1!$A$2:$A$125, A107)=0, "Mancante", "Presente") -> Presente
A108: T77__ | B108: SPAGNA | C108: Siviglia | D108: 120 | E108: 90 | F108: =IF(COUNTIF(Foglio1!$A$2:$A$125, A108)=0, "Mancante", "Presente") -> Presente
... A117: T119_ | B117: SVIZZERA | C117: Losanna | D117: 183 | E117: 104 | F117: =IF(COUNTIF(Foglio1!$A$2:$A$125, A117)=0, "Mancante", "Presente") -> Presente
A118: T126_ | B118: SVIZZERA | C118: BASILEA | D118: 110mq | E118: 70 | F118: =IF(COUNTIF(Foglio1!$A$2:$A$125, A118)=0, "Mancante", "Presente") -> Presente
A119: T65ZU | B119: SVIZZERA | C119: Zurigo | D119: 170 | E119: 40 | F119: =IF(COUNTIF(Foglio1!$A$2:$A$125, A119)=0, "Mancante", "Presente") -> Presente
A120: T91__ | B120: SVIZZERA | C120: Lugano | D120: 140 | E120: 93 | F120: =IF(COUNTIF(Foglio1!$A$2:$A$125, A120)=0, "Mancante", "Presente") -> Presente
A121: THGIL | B121: THAILAND | C121: BANGKOK | D121: 82 | E121: 13 | F121: =IF(COUNTIF(Foglio1!$A$2:$A$125, A121)=0, "Mancante", "Presente") -> Mancante
A122: USA01 | B122: USA | C122: NEW YORK | D122: 90 | E122: 150 | F122: =IF(COUNTIF(Foglio1!$A$2:$A$125, A122)=0, "Mancante", "Presente") -> Presente
A123: USA02 | B123: USA | C123: NEW YORK | D123: 180 | E123: 110 | F123: =IF(COUNTIF(Foglio1!$A$2:$A$125, A123)=0, "Mancante", "Presente") -> Presente
A124: T132_ | B124: AUSTRIA | C124: VIENNA | F124: =IF(COUNTIF(Foglio1!$A$2:$A$125, A124)=0, "Mancante", "Presente") -> Mancante
A125: AGN08 | B125: CHINA | C125: SHENZEN | D125: 117 | E125: 15 | F125: =IF(COUNTIF(Foglio1!$A$2:$A$125, A125)=0, "Mancante", "Presente") -> Presente
A126: AGNOU | B126: CHINA | C126: OUTLET | D126: 130 | E126: 36 | F126: =IF(COUNTIF(Foglio1!$A$2:$A$125, A126)=0, "Mancante", "Presente") -> Presente
A127: THGI2 | B127: THAILAND | C127: BANGKOK | D127: 122 | E127: 21 | F127: =IF(COUNTIF(Foglio1!$A$2:$A$125, A127)=0, "Mancante", "Presente") -> Mancante
A128: SIG02 | B128: SINGAPORE | C128: SINGAPORE | D128: 140 | E128: 20 | F128: =IF(COUNTIF(Foglio1!$A$2:$A$125, A128)=0, "Mancante", "Presente") -> Mancante
A129: THGI3 | B129: THAILAND | C129: BANGKOK | D129: 129 | E129: 22 | F129: =IF(COUNTIF(Foglio1!$A$2:$A$125, A129)=0, "Mancante", "Presente") -> Mancante
A130: IDN01 | B130: INDONESIA | C130: BALI | D130: 113 | E130: 13 | F130: =IF(COUNTIF(Foglio1!$A$2:$A$125, A130)=0, "Mancante", "Presente") -> Mancante
A131: KREC_ | B131: COREA | C131: ONLINE | F131: =IF(COUNTIF(Foglio1!$A$2:$A$125, A131)=0, "Mancante", "Presente") -> Presente
A132: KR02_ | B132: COREA | C132: SEOUL | D132: 241 | E132: 21 | F132: =IF(COUNTIF(Foglio1!$A$2:$A$125, A132)=0, "Mancante", "Presente") -> Presente
A133: T133_ | B133: FRANCIA | C133: NANTES | F133: =IF(COUNTIF(Foglio1!$A$2:$A$125, A133)=0, "Mancante", "Presente") -> Presente
A134: HKEC_ | B134: HONG KONG | C134: ONLINE | F134: =IF(COUNTIF(Foglio1!$A$2:$A$125, A134)=0, "Mancante", "Presente") -> Presente
A135: T121_ | B135: PORTOGALLO | C135: LISBONA | F135: =IF(COUNTIF(Foglio1!$A$2:$A$125, A135)=0, "Mancante", "Presente") -> Mancante
A136: USA03 | B136: STATI UNITI | C136: NEW YORK | F136: =IF(COUNTIF(Foglio1!$A$2:$A$125, A136)=0, "Mancante", "Presente") -> Mancante
